w,c1=c2,epoch,g_best
0.1,0.5,0,3708.75
0.1,0.5,1,5608.51
0.1,0.5,2,6746.66
0.1,0.5,3,6101.84
0.1,0.5,4,5119.14
0.1,0.5,5,6871.26
0.1,0.5,6,9228.56
0.1,0.5,7,5187.93
0.1,0.5,8,5378.44
0.1,0.5,9,4013.45
0.1,0.5,10,5313.25
0.1,0.5,11,4754.8
0.1,0.5,12,3626.65
0.1,0.5,13,5153.3
0.1,0.5,14,5373.81
0.1,0.5,15,10001.4
0.1,0.5,16,5399.51
0.1,0.5,17,6047.37
0.1,0.5,18,5987.3
0.1,0.5,19,8175.85
0.1,0.5,20,5231.99
0.1,0.5,21,4059.57
0.1,0.5,22,5047.05
0.1,0.5,23,5412.08
0.1,0.5,24,10002.8
0.1,0.5,25,3893.93
0.1,0.5,26,4060.51
0.1,0.5,27,6461.49
0.1,0.5,28,3212.01
0.1,0.5,29,5664.21
0.1,1,0,9218.56
0.1,1,1,6881.76
0.1,1,2,14794.5
0.1,1,3,9062.97
0.1,1,4,13823
0.1,1,5,5169.28
0.1,1,6,8802.11
0.1,1,7,12975.6
0.1,1,8,7733.34
0.1,1,9,6045.12
0.1,1,10,5853.35
0.1,1,11,9010.19
0.1,1,12,8447.82
0.1,1,13,7714.74
0.1,1,14,11373.7
0.1,1,15,9557.58
0.1,1,16,10142.6
0.1,1,17,4694.18
0.1,1,18,9852.74
0.1,1,19,8704.4
0.1,1,20,11599.9
0.1,1,21,11186.6
0.1,1,22,8098.99
0.1,1,23,5573.5
0.1,1,24,10636.9
0.1,1,25,5443.05
0.1,1,26,8583.08
0.1,1,27,7972.63
0.1,1,28,12207.3
0.1,1,29,11040.6
0.1,1.5,0,7998.71
0.1,1.5,1,9519.95
0.1,1.5,2,3823.45
0.1,1.5,3,6353.76
0.1,1.5,4,4082.08
0.1,1.5,5,4439.77
0.1,1.5,6,5398.12
0.1,1.5,7,4882.96
0.1,1.5,8,6025.5
0.1,1.5,9,6285
0.1,1.5,10,7961.97
0.1,1.5,11,11966.9
0.1,1.5,12,6581.18
0.1,1.5,13,11478.4
0.1,1.5,14,5034.67
0.1,1.5,15,4882.32
0.1,1.5,16,6072.23
0.1,1.5,17,6438.68
0.1,1.5,18,3885.42
0.1,1.5,19,3808.32
0.1,1.5,20,2914.19
0.1,1.5,21,12030
0.1,1.5,22,3448.44
0.1,1.5,23,7203.2
0.1,1.5,24,12749.5
0.1,1.5,25,9539.15
0.1,1.5,26,3911.01
0.1,1.5,27,4089.83
0.1,1.5,28,5479.91
0.1,1.5,29,13174.8
0.1,2,0,1.92615e-14
0.1,2,1,1.30186e-15
0.1,2,2,7.01481e-15
0.1,2,3,3.10134e-12
0.1,2,4,3.65504e-14
0.1,2,5,0.00111868
0.1,2,6,1.50288e-11
0.1,2,7,2.2655e-13
0.1,2,8,5.17466e-11
0.1,2,9,1.82156e-13
0.1,2,10,4.40578e-13
0.1,2,11,3.32974e-15
0.1,2,12,5.94331e-13
0.1,2,13,1.58712e-14
0.1,2,14,1.44753e-05
0.1,2,15,2.80579e-11
0.1,2,16,2.98333e-14
0.1,2,17,1.44011e-14
0.1,2,18,5.63848e-10
0.1,2,19,2.794e-10
0.1,2,20,1.36052e-10
0.1,2,21,8.68772e-12
0.1,2,22,9.48284e-14
0.1,2,23,3.121e-09
0.1,2,24,2.25785e-10
0.1,2,25,6.05908e-15
0.1,2,26,3.63976e-13
0.1,2,27,5.20701e-10
0.1,2,28,1.21036e-14
0.1,2,29,2.66868e-14
0.1,2.5,0,7118.26
0.1,2.5,1,14155.5
0.1,2.5,2,3626.03
0.1,2.5,3,6908.7
0.1,2.5,4,10050.9
0.1,2.5,5,14619.8
0.1,2.5,6,5112.57
0.1,2.5,7,5919.24
0.1,2.5,8,9256.2
0.1,2.5,9,9177.11
0.1,2.5,10,6439.46
0.1,2.5,11,7322.12
0.1,2.5,12,6068.47
0.1,2.5,13,4742.6
0.1,2.5,14,7288.87
0.1,2.5,15,9614.85
0.1,2.5,16,15413.5
0.1,2.5,17,7502.47
0.1,2.5,18,6921.52
0.1,2.5,19,11245.5
0.1,2.5,20,11542.5
0.1,2.5,21,8251.66
0.1,2.5,22,5488.19
0.1,2.5,23,1612.82
0.1,2.5,24,12172
0.1,2.5,25,7438.24
0.1,2.5,26,8306.02
0.1,2.5,27,13111.2
0.1,2.5,28,9672.92
0.1,2.5,29,3875.11
0.1,3,0,27862.7
0.1,3,1,20951.7
0.1,3,2,26116.9
0.1,3,3,16980.7
0.1,3,4,27704
0.1,3,5,25437.6
0.1,3,6,25647.2
0.1,3,7,19345.6
0.1,3,8,20620.1
0.1,3,9,20395.2
0.1,3,10,27004.5
0.1,3,11,28619.3
0.1,3,12,19906.3
0.1,3,13,27028.2
0.1,3,14,28300.1
0.1,3,15,24800.1
0.1,3,16,21630.7
0.1,3,17,29439.1
0.1,3,18,15814.7
0.1,3,19,23904.3
0.1,3,20,31127.5
0.1,3,21,22223.6
0.1,3,22,17711.4
0.1,3,23,28176.9
0.1,3,24,15221.4
0.1,3,25,25285.3
0.1,3,26,28249.7
0.1,3,27,25344.1
0.1,3,28,21479.5
0.1,3,29,26955.7
0.1,3.5,0,37380.2
0.1,3.5,1,32004.5
0.1,3.5,2,22557.8
0.1,3.5,3,27155.6
0.1,3.5,4,30726.8
0.1,3.5,5,32500.8
0.1,3.5,6,24893.3
0.1,3.5,7,34403.5
0.1,3.5,8,33697
0.1,3.5,9,21265.6
0.1,3.5,10,33349
0.1,3.5,11,23603
0.1,3.5,12,28849.2
0.1,3.5,13,34795.7
0.1,3.5,14,34353.1
0.1,3.5,15,30403.2
0.1,3.5,16,30561.3
0.1,3.5,17,33601.2
0.1,3.5,18,34784.4
0.1,3.5,19,31634.2
0.1,3.5,20,33548.3
0.1,3.5,21,29540.1
0.1,3.5,22,29939.7
0.1,3.5,23,31626
0.1,3.5,24,27599.5
0.1,3.5,25,21346.4
0.1,3.5,26,32111.1
0.1,3.5,27,33870.3
0.1,3.5,28,25842.1
0.1,3.5,29,34741
0.2,0.5,0,11751.6
0.2,0.5,1,6537.13
0.2,0.5,2,8253.56
0.2,0.5,3,6290.64
0.2,0.5,4,4281.19
0.2,0.5,5,8461.66
0.2,0.5,6,4692.85
0.2,0.5,7,7334.19
0.2,0.5,8,4826.96
0.2,0.5,9,9419.76
0.2,0.5,10,3215.73
0.2,0.5,11,5029.12
0.2,0.5,12,6507.2
0.2,0.5,13,4701.49
0.2,0.5,14,6041.15
0.2,0.5,15,6354.91
0.2,0.5,16,10780.4
0.2,0.5,17,10900.9
0.2,0.5,18,10741.3
0.2,0.5,19,5755.57
0.2,0.5,20,8248.58
0.2,0.5,21,9814.58
0.2,0.5,22,6158.67
0.2,0.5,23,5946.78
0.2,0.5,24,7750.46
0.2,0.5,25,4923.83
0.2,0.5,26,5230.56
0.2,0.5,27,7691.96
0.2,0.5,28,9422.5
0.2,0.5,29,6430.24
0.2,1,0,6217.05
0.2,1,1,7141.91
0.2,1,2,12126.8
0.2,1,3,13863.3
0.2,1,4,12807
0.2,1,5,6959.62
0.2,1,6,10311.9
0.2,1,7,7225.52
0.2,1,8,10475.1
0.2,1,9,11102.4
0.2,1,10,9719
0.2,1,11,6885.78
0.2,1,12,5096.61
0.2,1,13,5533.69
0.2,1,14,8683.13
0.2,1,15,8459.5
0.2,1,16,10297.3
0.2,1,17,6124.56
0.2,1,18,10114.3
0.2,1,19,13052.8
0.2,1,20,11311
0.2,1,21,10661.2
0.2,1,22,10771.3
0.2,1,23,10901.5
0.2,1,24,9837.01
0.2,1,25,10595.3
0.2,1,26,7429.65
0.2,1,27,14530.8
0.2,1,28,9951.37
0.2,1,29,7850.82
0.2,1.5,0,817.816
0.2,1.5,1,1505.39
0.2,1.5,2,3528.83
0.2,1.5,3,2938.9
0.2,1.5,4,3500.05
0.2,1.5,5,1070.53
0.2,1.5,6,1860.99
0.2,1.5,7,1031.67
0.2,1.5,8,3562.95
0.2,1.5,9,3647.72
0.2,1.5,10,3404.52
0.2,1.5,11,1672.1
0.2,1.5,12,3339.73
0.2,1.5,13,1856.15
0.2,1.5,14,3174.97
0.2,1.5,15,1489.09
0.2,1.5,16,2545.86
0.2,1.5,17,1712.53
0.2,1.5,18,3194.97
0.2,1.5,19,1905.35
0.2,1.5,20,2700.92
0.2,1.5,21,3211.59
0.2,1.5,22,2463.56
0.2,1.5,23,1847.11
0.2,1.5,24,1211.35
0.2,1.5,25,3411.48
0.2,1.5,26,1764.71
0.2,1.5,27,2441.84
0.2,1.5,28,1383.9
0.2,1.5,29,3708.72
0.2,2,0,3.82266e-14
0.2,2,1,2.22021e-15
0.2,2,2,1.89505e-15
0.2,2,3,1.27886e-18
0.2,2,4,1.80991e-16
0.2,2,5,3.62143e-19
0.2,2,6,4.11083e-18
0.2,2,7,4.3102e-18
0.2,2,8,5.02087e-19
0.2,2,9,2.19846e-17
0.2,2,10,9.12403e-17
0.2,2,11,8.21575e-15
0.2,2,12,5.20453e-17
0.2,2,13,1.49424e-15
0.2,2,14,6.33759e-18
0.2,2,15,5.42937e-17
0.2,2,16,1.41581e-17
0.2,2,17,2.59232e-15
0.2,2,18,4.38203e-18
0.2,2,19,5.12767e-18
0.2,2,20,1.13383e-13
0.2,2,21,1.93257e-16
0.2,2,22,9.12998e-17
0.2,2,23,2.11588e-15
0.2,2,24,5.89942e-15
0.2,2,25,5.28729e-17
0.2,2,26,6.43358e-17
0.2,2,27,2.71963e-15
0.2,2,28,4.59426e-15
0.2,2,29,2.62091e-17
0.2,2.5,0,9510.67
0.2,2.5,1,5588.85
0.2,2.5,2,7083.99
0.2,2.5,3,4534.85
0.2,2.5,4,4123.1
0.2,2.5,5,5680.72
0.2,2.5,6,4609.49
0.2,2.5,7,9349.31
0.2,2.5,8,9961.41
0.2,2.5,9,9509.85
0.2,2.5,10,5451.38
0.2,2.5,11,6214.2
0.2,2.5,12,6150.14
0.2,2.5,13,7365.92
0.2,2.5,14,3741.5
0.2,2.5,15,8193.8
0.2,2.5,16,6695.18
0.2,2.5,17,15970.3
0.2,2.5,18,4108.43
0.2,2.5,19,4039.36
0.2,2.5,20,8177.64
0.2,2.5,21,5432.18
0.2,2.5,22,5532.44
0.2,2.5,23,10409.8
0.2,2.5,24,8291.23
0.2,2.5,25,9506.98
0.2,2.5,26,14543.8
0.2,2.5,27,7731.43
0.2,2.5,28,2449.3
0.2,2.5,29,17668.3
0.2,3,0,29273.4
0.2,3,1,22488.3
0.2,3,2,32802.3
0.2,3,3,35929
0.2,3,4,31475.9
0.2,3,5,28322.6
0.2,3,6,32899.9
0.2,3,7,27902.9
0.2,3,8,24838
0.2,3,9,29372.4
0.2,3,10,30215.8
0.2,3,11,31027.6
0.2,3,12,30766.5
0.2,3,13,27696.7
0.2,3,14,30771.7
0.2,3,15,30489.9
0.2,3,16,23420.2
0.2,3,17,32542.1
0.2,3,18,26211
0.2,3,19,21499.5
0.2,3,20,21606.4
0.2,3,21,30784.6
0.2,3,22,17676.9
0.2,3,23,33565.4
0.2,3,24,29023.2
0.2,3,25,28897.5
0.2,3,26,23081
0.2,3,27,27471.2
0.2,3,28,24990.8
0.2,3,29,27743.3
0.2,3.5,0,32426.2
0.2,3.5,1,36530.9
0.2,3.5,2,30484.5
0.2,3.5,3,36189.5
0.2,3.5,4,29571.4
0.2,3.5,5,36171.6
0.2,3.5,6,33713.9
0.2,3.5,7,34303
0.2,3.5,8,31368.7
0.2,3.5,9,29090.5
0.2,3.5,10,36818.8
0.2,3.5,11,30144.9
0.2,3.5,12,32329.1
0.2,3.5,13,34468.3
0.2,3.5,14,34825.6
0.2,3.5,15,38344.4
0.2,3.5,16,27589.1
0.2,3.5,17,32353.4
0.2,3.5,18,23756.3
0.2,3.5,19,26665.2
0.2,3.5,20,39521.4
0.2,3.5,21,35091.9
0.2,3.5,22,32876.8
0.2,3.5,23,29687.2
0.2,3.5,24,36316.8
0.2,3.5,25,37401.4
0.2,3.5,26,30340.4
0.2,3.5,27,38074.6
0.2,3.5,28,34743.5
0.2,3.5,29,29489.1
0.3,0.5,0,9575.37
0.3,0.5,1,6756.88
0.3,0.5,2,10095.1
0.3,0.5,3,6680.29
0.3,0.5,4,7711.19
0.3,0.5,5,7181
0.3,0.5,6,9429.32
0.3,0.5,7,12834
0.3,0.5,8,8885.63
0.3,0.5,9,5343.36
0.3,0.5,10,5076.88
0.3,0.5,11,10657.7
0.3,0.5,12,8547.32
0.3,0.5,13,10767.3
0.3,0.5,14,9073.42
0.3,0.5,15,7010.95
0.3,0.5,16,6894.38
0.3,0.5,17,13851.6
0.3,0.5,18,3959.41
0.3,0.5,19,5682.78
0.3,0.5,20,5245.56
0.3,0.5,21,9237.14
0.3,0.5,22,7174.37
0.3,0.5,23,6455.06
0.3,0.5,24,6517.17
0.3,0.5,25,8975.05
0.3,0.5,26,9847.39
0.3,0.5,27,9972.09
0.3,0.5,28,9286.61
0.3,0.5,29,10073.5
0.3,1,0,7361.99
0.3,1,1,9324.55
0.3,1,2,7415.91
0.3,1,3,11651.3
0.3,1,4,7825.65
0.3,1,5,5487.51
0.3,1,6,8343.6
0.3,1,7,6090.88
0.3,1,8,5583.72
0.3,1,9,7288.6
0.3,1,10,2309.42
0.3,1,11,15160.7
0.3,1,12,6680.5
0.3,1,13,6346.98
0.3,1,14,4596.43
0.3,1,15,6608.64
0.3,1,16,7800.91
0.3,1,17,4324.44
0.3,1,18,4844.75
0.3,1,19,6293.34
0.3,1,20,7083.32
0.3,1,21,9833.36
0.3,1,22,4177.11
0.3,1,23,5772.34
0.3,1,24,6226.64
0.3,1,25,5359.4
0.3,1,26,6149.54
0.3,1,27,5557.97
0.3,1,28,7280.15
0.3,1,29,8968.82
0.3,1.5,0,1183.74
0.3,1.5,1,631.003
0.3,1.5,2,2414.1
0.3,1.5,3,1553.19
0.3,1.5,4,475.868
0.3,1.5,5,722.791
0.3,1.5,6,88.78
0.3,1.5,7,389.401
0.3,1.5,8,168.288
0.3,1.5,9,317.281
0.3,1.5,10,120.442
0.3,1.5,11,270.22
0.3,1.5,12,936.418
0.3,1.5,13,92.405
0.3,1.5,14,86.6112
0.3,1.5,15,20.8263
0.3,1.5,16,903.886
0.3,1.5,17,356.945
0.3,1.5,18,77.5075
0.3,1.5,19,106.114
0.3,1.5,20,142.738
0.3,1.5,21,674.126
0.3,1.5,22,174.222
0.3,1.5,23,48.001
0.3,1.5,24,256.097
0.3,1.5,25,180.52
0.3,1.5,26,133.163
0.3,1.5,27,473.007
0.3,1.5,28,621.892
0.3,1.5,29,476.503
0.3,2,0,1.48371e-15
0.3,2,1,2.69577e-17
0.3,2,2,7.54798e-17
0.3,2,3,2.32562e-17
0.3,2,4,2.03056e-12
0.3,2,5,8.53524e-17
0.3,2,6,1.30615e-15
0.3,2,7,3.53e-14
0.3,2,8,2.80417e-15
0.3,2,9,5.5472e-17
0.3,2,10,6.58737e-15
0.3,2,11,6.18383e-19
0.3,2,12,8.76661e-17
0.3,2,13,8.10192e-16
0.3,2,14,3.93886e-16
0.3,2,15,1.95008e-15
0.3,2,16,1.18529e-18
0.3,2,17,3.15291e-16
0.3,2,18,1.8018e-15
0.3,2,19,3.62125e-16
0.3,2,20,1.68895e-17
0.3,2,21,2.74037e-16
0.3,2,22,1.02686e-16
0.3,2,23,2.22791e-17
0.3,2,24,1.4937e-16
0.3,2,25,7.27487e-17
0.3,2,26,2.62528e-18
0.3,2,27,5.34243e-17
0.3,2,28,1.10249e-15
0.3,2,29,4.97714e-15
0.3,2.5,0,13518.8
0.3,2.5,1,6570.34
0.3,2.5,2,8225.36
0.3,2.5,3,8606.64
0.3,2.5,4,13352.2
0.3,2.5,5,10091.4
0.3,2.5,6,4177.15
0.3,2.5,7,13642.7
0.3,2.5,8,9711.97
0.3,2.5,9,4769.87
0.3,2.5,10,3003.79
0.3,2.5,11,12397.9
0.3,2.5,12,10991.8
0.3,2.5,13,6609.52
0.3,2.5,14,7933.73
0.3,2.5,15,7245.61
0.3,2.5,16,4130.56
0.3,2.5,17,15095.7
0.3,2.5,18,4210.88
0.3,2.5,19,11174.8
0.3,2.5,20,10644.4
0.3,2.5,21,4667.26
0.3,2.5,22,4478.23
0.3,2.5,23,12170.9
0.3,2.5,24,4672.29
0.3,2.5,25,6801.52
0.3,2.5,26,13780.6
0.3,2.5,27,16404.3
0.3,2.5,28,4116.96
0.3,2.5,29,12149.6
0.3,3,0,28433.7
0.3,3,1,31102.4
0.3,3,2,29032.1
0.3,3,3,25006.8
0.3,3,4,29629.4
0.3,3,5,30280.4
0.3,3,6,32982.6
0.3,3,7,28218.6
0.3,3,8,28377.3
0.3,3,9,27275.9
0.3,3,10,37226.4
0.3,3,11,30527.4
0.3,3,12,34483.8
0.3,3,13,33438.6
0.3,3,14,32831.3
0.3,3,15,35896.9
0.3,3,16,34259.8
0.3,3,17,21400.8
0.3,3,18,37638.9
0.3,3,19,31392.1
0.3,3,20,29769.4
0.3,3,21,33719.6
0.3,3,22,29755.3
0.3,3,23,30601.8
0.3,3,24,33938.6
0.3,3,25,32035.8
0.3,3,26,32173.5
0.3,3,27,27067.9
0.3,3,28,30180.2
0.3,3,29,29855.2
0.3,3.5,0,35135
0.3,3.5,1,32921.7
0.3,3.5,2,41786.9
0.3,3.5,3,42709
0.3,3.5,4,34411.2
0.3,3.5,5,35200.6
0.3,3.5,6,40642
0.3,3.5,7,31443
0.3,3.5,8,34412.6
0.3,3.5,9,38813.3
0.3,3.5,10,39941.7
0.3,3.5,11,38625
0.3,3.5,12,35996.4
0.3,3.5,13,30853.2
0.3,3.5,14,35063.6
0.3,3.5,15,37437.5
0.3,3.5,16,41842.4
0.3,3.5,17,36977.2
0.3,3.5,18,27295.4
0.3,3.5,19,35817
0.3,3.5,20,35299.9
0.3,3.5,21,42502.1
0.3,3.5,22,31409.5
0.3,3.5,23,41370.7
0.3,3.5,24,39869
0.3,3.5,25,37459.1
0.3,3.5,26,35351.8
0.3,3.5,27,35187.3
0.3,3.5,28,38283.3
0.3,3.5,29,34045.1
0.4,0.5,0,7989.07
0.4,0.5,1,9035.4
0.4,0.5,2,10693.1
0.4,0.5,3,4053.13
0.4,0.5,4,12068.3
0.4,0.5,5,9910.16
0.4,0.5,6,8403.7
0.4,0.5,7,9863.91
0.4,0.5,8,8107.13
0.4,0.5,9,5506.2
0.4,0.5,10,8365.48
0.4,0.5,11,11830.3
0.4,0.5,12,10805.8
0.4,0.5,13,8033.53
0.4,0.5,14,7901.03
0.4,0.5,15,8260.75
0.4,0.5,16,11327.4
0.4,0.5,17,7301.78
0.4,0.5,18,9936.75
0.4,0.5,19,7282.44
0.4,0.5,20,6001.29
0.4,0.5,21,8585.03
0.4,0.5,22,10126.9
0.4,0.5,23,10543.6
0.4,0.5,24,11904.2
0.4,0.5,25,6704.75
0.4,0.5,26,8388.48
0.4,0.5,27,9419.45
0.4,0.5,28,8141.39
0.4,0.5,29,8797.76
0.4,1,0,709.577
0.4,1,1,1900.2
0.4,1,2,1589.65
0.4,1,3,1235.78
0.4,1,4,3057.76
0.4,1,5,1636.53
0.4,1,6,1444.77
0.4,1,7,1690.11
0.4,1,8,1028.97
0.4,1,9,4929.09
0.4,1,10,1231.94
0.4,1,11,2781.04
0.4,1,12,2422.48
0.4,1,13,2485.26
0.4,1,14,2793.26
0.4,1,15,1456.48
0.4,1,16,1380.66
0.4,1,17,1532.33
0.4,1,18,1739.65
0.4,1,19,3022.2
0.4,1,20,880.115
0.4,1,21,2352.58
0.4,1,22,2048.67
0.4,1,23,2521.08
0.4,1,24,2983.13
0.4,1,25,2089.84
0.4,1,26,589.699
0.4,1,27,1484.38
0.4,1,28,1176.42
0.4,1,29,3065.01
0.4,1.5,0,7.89697
0.4,1.5,1,0.180831
0.4,1.5,2,0.000474974
0.4,1.5,3,5.54699
0.4,1.5,4,3.60999
0.4,1.5,5,0.450907
0.4,1.5,6,2.20998
0.4,1.5,7,25.9334
0.4,1.5,8,0.0127596
0.4,1.5,9,1.45633
0.4,1.5,10,4.58479
0.4,1.5,11,33.8054
0.4,1.5,12,4.88325e-05
0.4,1.5,13,5.36884
0.4,1.5,14,5.31354
0.4,1.5,15,0.503103
0.4,1.5,16,0.0418987
0.4,1.5,17,0.00572581
0.4,1.5,18,0.0169918
0.4,1.5,19,0.211737
0.4,1.5,20,0.163273
0.4,1.5,21,0.905665
0.4,1.5,22,0.0207209
0.4,1.5,23,0.712961
0.4,1.5,24,0.202612
0.4,1.5,25,3.6802
0.4,1.5,26,1.82383
0.4,1.5,27,4.15827
0.4,1.5,28,111.504
0.4,1.5,29,2.63797
0.4,2,0,2.16111e-13
0.4,2,1,8.31094e-11
0.4,2,2,1.75491e-13
0.4,2,3,2.27137e-12
0.4,2,4,1.25357e-12
0.4,2,5,2.38609e-14
0.4,2,6,3.69969e-12
0.4,2,7,5.84469e-13
0.4,2,8,1.45468e-11
0.4,2,9,4.22745e-14
0.4,2,10,6.45238e-13
0.4,2,11,1.31227e-13
0.4,2,12,1.49165e-13
0.4,2,13,5.51364e-12
0.4,2,14,1.34039e-12
0.4,2,15,1.69168e-15
0.4,2,16,2.43514e-12
0.4,2,17,6.84711e-12
0.4,2,18,4.65939e-13
0.4,2,19,2.60797e-14
0.4,2,20,6.29889e-13
0.4,2,21,6.7242e-14
0.4,2,22,7.46767e-12
0.4,2,23,1.12401e-13
0.4,2,24,7.54913e-11
0.4,2,25,1.6535e-13
0.4,2,26,2.07069e-14
0.4,2,27,6.85034e-14
0.4,2,28,6.30378e-13
0.4,2,29,1.46304e-12
0.4,2.5,0,11256
0.4,2.5,1,13007.2
0.4,2.5,2,13435.5
0.4,2.5,3,9868.89
0.4,2.5,4,12208.9
0.4,2.5,5,13683.3
0.4,2.5,6,10277
0.4,2.5,7,10065.1
0.4,2.5,8,7503.92
0.4,2.5,9,9238.4
0.4,2.5,10,11057
0.4,2.5,11,7976.69
0.4,2.5,12,7021.79
0.4,2.5,13,4625.03
0.4,2.5,14,15026.7
0.4,2.5,15,8596.47
0.4,2.5,16,15130.2
0.4,2.5,17,11219.6
0.4,2.5,18,14475
0.4,2.5,19,10427.4
0.4,2.5,20,6239.8
0.4,2.5,21,13352
0.4,2.5,22,14840.8
0.4,2.5,23,15088.9
0.4,2.5,24,10069.2
0.4,2.5,25,10468.8
0.4,2.5,26,6284.25
0.4,2.5,27,7505.48
0.4,2.5,28,10730.6
0.4,2.5,29,13356.8
0.4,3,0,28803.3
0.4,3,1,32392.7
0.4,3,2,31131.9
0.4,3,3,28222.2
0.4,3,4,26834.4
0.4,3,5,26547.5
0.4,3,6,26561.7
0.4,3,7,32376.9
0.4,3,8,34658.7
0.4,3,9,30392.6
0.4,3,10,30063.7
0.4,3,11,33697.9
0.4,3,12,33093.9
0.4,3,13,30323
0.4,3,14,34901
0.4,3,15,31068.4
0.4,3,16,26126.9
0.4,3,17,35035.6
0.4,3,18,33472.2
0.4,3,19,35734
0.4,3,20,28525.2
0.4,3,21,24975.9
0.4,3,22,31646.9
0.4,3,23,34570.8
0.4,3,24,32465.2
0.4,3,25,29274.8
0.4,3,26,32936.5
0.4,3,27,35413.3
0.4,3,28,31488.1
0.4,3,29,27504
0.4,3.5,0,36950.6
0.4,3.5,1,33342.8
0.4,3.5,2,34576.5
0.4,3.5,3,35371.9
0.4,3.5,4,36023.1
0.4,3.5,5,38080.8
0.4,3.5,6,40185.9
0.4,3.5,7,42036.7
0.4,3.5,8,38371.2
0.4,3.5,9,36229.8
0.4,3.5,10,36397
0.4,3.5,11,34646.7
0.4,3.5,12,35497.3
0.4,3.5,13,37768.6
0.4,3.5,14,39598.1
0.4,3.5,15,39186
0.4,3.5,16,33286.9
0.4,3.5,17,36943.5
0.4,3.5,18,42350.8
0.4,3.5,19,39658.2
0.4,3.5,20,33638.4
0.4,3.5,21,42753.5
0.4,3.5,22,40021.1
0.4,3.5,23,28850.2
0.4,3.5,24,34896.6
0.4,3.5,25,36545.1
0.4,3.5,26,38987.6
0.4,3.5,27,34569.2
0.4,3.5,28,37427.9
0.4,3.5,29,40255
0.5,0.5,0,6939.77
0.5,0.5,1,6091.1
0.5,0.5,2,8459.16
0.5,0.5,3,8894.52
0.5,0.5,4,5493.59
0.5,0.5,5,9159.06
0.5,0.5,6,9048.41
0.5,0.5,7,9832.16
0.5,0.5,8,10736
0.5,0.5,9,6441.77
0.5,0.5,10,7127.6
0.5,0.5,11,9961.84
0.5,0.5,12,12197.4
0.5,0.5,13,8680.71
0.5,0.5,14,12412.8
0.5,0.5,15,10388
0.5,0.5,16,12407.3
0.5,0.5,17,11666.7
0.5,0.5,18,7748.53
0.5,0.5,19,10065.4
0.5,0.5,20,7897.03
0.5,0.5,21,6019.24
0.5,0.5,22,9612.34
0.5,0.5,23,8747.36
0.5,0.5,24,5440.05
0.5,0.5,25,10724.9
0.5,0.5,26,11418.1
0.5,0.5,27,16336.6
0.5,0.5,28,6149.28
0.5,0.5,29,4330.29
0.5,1,0,411.48
0.5,1,1,39.1307
0.5,1,2,165.182
0.5,1,3,23.3902
0.5,1,4,28.6416
0.5,1,5,102.614
0.5,1,6,205.342
0.5,1,7,59.2864
0.5,1,8,112.74
0.5,1,9,353.399
0.5,1,10,831.497
0.5,1,11,46.6871
0.5,1,12,764.694
0.5,1,13,637.093
0.5,1,14,131.909
0.5,1,15,139.402
0.5,1,16,78.3466
0.5,1,17,24.8796
0.5,1,18,129.03
0.5,1,19,145.848
0.5,1,20,92.2362
0.5,1,21,131.063
0.5,1,22,101.882
0.5,1,23,161.067
0.5,1,24,415.259
0.5,1,25,5.9348
0.5,1,26,29.1226
0.5,1,27,405.47
0.5,1,28,126.196
0.5,1,29,26.4029
0.5,1.5,0,2.68528e-06
0.5,1.5,1,1.53637e-08
0.5,1.5,2,3.11279e-05
0.5,1.5,3,2.55121e-15
0.5,1.5,4,3.88896e-09
0.5,1.5,5,0.00173267
0.5,1.5,6,1.67258e-08
0.5,1.5,7,1.1426e-06
0.5,1.5,8,6.7165e-14
0.5,1.5,9,5.46922e-07
0.5,1.5,10,2.90727e-09
0.5,1.5,11,8.89208e-11
0.5,1.5,12,3.67936e-13
0.5,1.5,13,1.23256e-10
0.5,1.5,14,1.01463e-13
0.5,1.5,15,1.62209e-10
0.5,1.5,16,2.82067e-08
0.5,1.5,17,2.74532e-14
0.5,1.5,18,8.44226e-07
0.5,1.5,19,1.06401e-13
0.5,1.5,20,2.14088e-07
0.5,1.5,21,5.35493e-11
0.5,1.5,22,1.87696e-09
0.5,1.5,23,7.31453e-08
0.5,1.5,24,0.000692018
0.5,1.5,25,6.90736e-10
0.5,1.5,26,3.23433e-12
0.5,1.5,27,7.49744e-12
0.5,1.5,28,2.44849e-10
0.5,1.5,29,4.90714e-10
0.5,2,0,4.87798e-09
0.5,2,1,3.05927e-09
0.5,2,2,9.2282e-10
0.5,2,3,2.99666e-08
0.5,2,4,9.43625e-07
0.5,2,5,1.39706e-08
0.5,2,6,3.48769e-09
0.5,2,7,3.49367e-09
0.5,2,8,1.14215e-07
0.5,2,9,3.13141e-08
0.5,2,10,4.80506e-09
0.5,2,11,7.05192e-09
0.5,2,12,1.56206e-08
0.5,2,13,1.64377e-08
0.5,2,14,9.10787e-09
0.5,2,15,3.08087e-08
0.5,2,16,1.82424e-07
0.5,2,17,6.32996e-08
0.5,2,18,3.15105e-09
0.5,2,19,2.11327e-08
0.5,2,20,6.03768e-09
0.5,2,21,1.46783e-08
0.5,2,22,2.49119e-09
0.5,2,23,9.88158e-09
0.5,2,24,1.35712e-08
0.5,2,25,2.35783e-09
0.5,2,26,2.47496e-09
0.5,2,27,4.62592e-09
0.5,2,28,2.50625e-07
0.5,2,29,2.82893e-09
0.5,2.5,0,21221
0.5,2.5,1,13319
0.5,2.5,2,20740.9
0.5,2.5,3,12605.6
0.5,2.5,4,9073.13
0.5,2.5,5,10327.7
0.5,2.5,6,11997
0.5,2.5,7,10579.2
0.5,2.5,8,13156.6
0.5,2.5,9,14251.4
0.5,2.5,10,13012.5
0.5,2.5,11,13756
0.5,2.5,12,15222.7
0.5,2.5,13,14389.4
0.5,2.5,14,14243.3
0.5,2.5,15,12243.8
0.5,2.5,16,18905.7
0.5,2.5,17,20697.7
0.5,2.5,18,12655.1
0.5,2.5,19,8821.11
0.5,2.5,20,8120.64
0.5,2.5,21,19931.2
0.5,2.5,22,7530.51
0.5,2.5,23,10468.9
0.5,2.5,24,14850.2
0.5,2.5,25,12829.5
0.5,2.5,26,12307.8
0.5,2.5,27,12415.9
0.5,2.5,28,14982.2
0.5,2.5,29,12781.2
0.5,3,0,29974.2
0.5,3,1,37841.2
0.5,3,2,32137.9
0.5,3,3,33318.7
0.5,3,4,27385.9
0.5,3,5,35668.8
0.5,3,6,35773.6
0.5,3,7,36538.2
0.5,3,8,28852.2
0.5,3,9,34717.2
0.5,3,10,35931
0.5,3,11,34167.3
0.5,3,12,31670.7
0.5,3,13,34949.7
0.5,3,14,34445.7
0.5,3,15,35576.2
0.5,3,16,35715.4
0.5,3,17,33497.6
0.5,3,18,33829.5
0.5,3,19,37362.1
0.5,3,20,34041.9
0.5,3,21,28357
0.5,3,22,37921.8
0.5,3,23,30378
0.5,3,24,31963.2
0.5,3,25,35810.3
0.5,3,26,27111.8
0.5,3,27,29393.2
0.5,3,28,34087
0.5,3,29,33955.1
0.5,3.5,0,33542.1
0.5,3.5,1,39773.1
0.5,3.5,2,40854.5
0.5,3.5,3,36147
0.5,3.5,4,38925.1
0.5,3.5,5,40309.9
0.5,3.5,6,40715.6
0.5,3.5,7,38840.4
0.5,3.5,8,40425.3
0.5,3.5,9,37536.5
0.5,3.5,10,42303.2
0.5,3.5,11,38063.7
0.5,3.5,12,37696.8
0.5,3.5,13,41734.8
0.5,3.5,14,38119.7
0.5,3.5,15,33032
0.5,3.5,16,32140.3
0.5,3.5,17,37391.1
0.5,3.5,18,42991
0.5,3.5,19,39477.7
0.5,3.5,20,36524.4
0.5,3.5,21,41174.1
0.5,3.5,22,35304.2
0.5,3.5,23,40298.1
0.5,3.5,24,41898.6
0.5,3.5,25,35626.5
0.5,3.5,26,35848.7
0.5,3.5,27,35881.6
0.5,3.5,28,33147.1
0.5,3.5,29,33584.4
0.6,0.5,0,4883.44
0.6,0.5,1,6681.28
0.6,0.5,2,4446.87
0.6,0.5,3,5826.85
0.6,0.5,4,3969.25
0.6,0.5,5,9773.64
0.6,0.5,6,6653.92
0.6,0.5,7,6061.01
0.6,0.5,8,4990.07
0.6,0.5,9,5555.37
0.6,0.5,10,2517.58
0.6,0.5,11,7582.6
0.6,0.5,12,3649.82
0.6,0.5,13,4185.02
0.6,0.5,14,2166.29
0.6,0.5,15,6444.56
0.6,0.5,16,4096.98
0.6,0.5,17,9029.3
0.6,0.5,18,6764.45
0.6,0.5,19,4142.66
0.6,0.5,20,5351.8
0.6,0.5,21,5002.73
0.6,0.5,22,4447.6
0.6,0.5,23,2835.43
0.6,0.5,24,2899.73
0.6,0.5,25,2733.61
0.6,0.5,26,3743.64
0.6,0.5,27,6125.77
0.6,0.5,28,5773.41
0.6,0.5,29,5360.96
0.6,1,0,46.143
0.6,1,1,0.0425992
0.6,1,2,2.20938
0.6,1,3,2.78425
0.6,1,4,0.027835
0.6,1,5,0.165564
0.6,1,6,0.00276997
0.6,1,7,53.8132
0.6,1,8,0.20013
0.6,1,9,7.66013
0.6,1,10,0.0044852
0.6,1,11,0.00861782
0.6,1,12,3.96365
0.6,1,13,0.00231864
0.6,1,14,0.0153129
0.6,1,15,1.28626
0.6,1,16,0.682964
0.6,1,17,9.56364
0.6,1,18,0.00140296
0.6,1,19,0.113205
0.6,1,20,0.127559
0.6,1,21,8.74489
0.6,1,22,0.218713
0.6,1,23,0.0419856
0.6,1,24,2.19263
0.6,1,25,0.000852913
0.6,1,26,0.000601575
0.6,1,27,0.862777
0.6,1,28,4.30691
0.6,1,29,0.547436
0.6,1.5,0,4.10603e-17
0.6,1.5,1,8.66533e-15
0.6,1.5,2,5.64351e-11
0.6,1.5,3,3.34821e-13
0.6,1.5,4,4.14885e-18
0.6,1.5,5,2.62443e-13
0.6,1.5,6,3.30019e-13
0.6,1.5,7,8.00388e-13
0.6,1.5,8,8.16913e-18
0.6,1.5,9,9.65548e-14
0.6,1.5,10,3.02241e-14
0.6,1.5,11,1.09241e-13
0.6,1.5,12,2.69095e-14
0.6,1.5,13,9.24826e-12
0.6,1.5,14,1.16231e-12
0.6,1.5,15,3.20176e-17
0.6,1.5,16,6.59128e-15
0.6,1.5,17,9.03657e-14
0.6,1.5,18,5.12492e-15
0.6,1.5,19,1.86052e-13
0.6,1.5,20,8.49427e-15
0.6,1.5,21,1.34571e-14
0.6,1.5,22,9.89257e-13
0.6,1.5,23,5.43021e-17
0.6,1.5,24,1.39562e-10
0.6,1.5,25,1.27097e-15
0.6,1.5,26,5.53777e-18
0.6,1.5,27,2.00819e-11
0.6,1.5,28,3.0882e-17
0.6,1.5,29,8.45456e-16
0.6,2,0,0.00929181
0.6,2,1,0.00159062
0.6,2,2,0.00049959
0.6,2,3,0.0127789
0.6,2,4,0.000508786
0.6,2,5,0.00426586
0.6,2,6,0.000460678
0.6,2,7,0.00425053
0.6,2,8,0.00333042
0.6,2,9,0.0721273
0.6,2,10,0.00218498
0.6,2,11,0.00185588
0.6,2,12,0.00717958
0.6,2,13,0.00117784
0.6,2,14,0.00469186
0.6,2,15,0.00926952
0.6,2,16,0.0102515
0.6,2,17,0.0119306
0.6,2,18,0.000493611
0.6,2,19,0.00351877
0.6,2,20,0.0026587
0.6,2,21,0.00823377
0.6,2,22,0.00131765
0.6,2,23,0.00148191
0.6,2,24,0.0271525
0.6,2,25,0.00158835
0.6,2,26,0.00185634
0.6,2,27,0.00978957
0.6,2,28,0.0263454
0.6,2,29,0.00885746
0.6,2.5,0,20586
0.6,2.5,1,16386.2
0.6,2.5,2,17629.6
0.6,2.5,3,13752.3
0.6,2.5,4,13190.7
0.6,2.5,5,16111.5
0.6,2.5,6,7171.31
0.6,2.5,7,17208.2
0.6,2.5,8,12855.2
0.6,2.5,9,8117.33
0.6,2.5,10,17436
0.6,2.5,11,13707.5
0.6,2.5,12,16609.5
0.6,2.5,13,9583.93
0.6,2.5,14,15814.9
0.6,2.5,15,15895.2
0.6,2.5,16,13072.3
0.6,2.5,17,12231.8
0.6,2.5,18,16356.5
0.6,2.5,19,12199.3
0.6,2.5,20,10511.4
0.6,2.5,21,17702
0.6,2.5,22,10960.4
0.6,2.5,23,13663.3
0.6,2.5,24,23822.7
0.6,2.5,25,7854.27
0.6,2.5,26,14832.2
0.6,2.5,27,9016.12
0.6,2.5,28,14071.3
0.6,2.5,29,12151.4
0.6,3,0,36336.6
0.6,3,1,36750.4
0.6,3,2,31971.7
0.6,3,3,36466
0.6,3,4,35471.7
0.6,3,5,35866.5
0.6,3,6,36382.7
0.6,3,7,33782.6
0.6,3,8,35647
0.6,3,9,29188
0.6,3,10,36034.8
0.6,3,11,32692.7
0.6,3,12,31758.1
0.6,3,13,28297.3
0.6,3,14,35148.7
0.6,3,15,37511.6
0.6,3,16,22285
0.6,3,17,35018.6
0.6,3,18,26705.5
0.6,3,19,38446
0.6,3,20,39637.9
0.6,3,21,37195
0.6,3,22,30035.3
0.6,3,23,30020.1
0.6,3,24,34458.5
0.6,3,25,35132.1
0.6,3,26,31479.2
0.6,3,27,30565.7
0.6,3,28,38667.7
0.6,3,29,40705.1
0.6,3.5,0,36766.8
0.6,3.5,1,41969.3
0.6,3.5,2,39203.5
0.6,3.5,3,41038.9
0.6,3.5,4,39543.2
0.6,3.5,5,36259.5
0.6,3.5,6,37522.1
0.6,3.5,7,31465.1
0.6,3.5,8,39908
0.6,3.5,9,36979.1
0.6,3.5,10,33685.8
0.6,3.5,11,38340.4
0.6,3.5,12,40719.4
0.6,3.5,13,37531
0.6,3.5,14,38103.7
0.6,3.5,15,39732.4
0.6,3.5,16,39942
0.6,3.5,17,26851.9
0.6,3.5,18,39862.1
0.6,3.5,19,40245.6
0.6,3.5,20,38273.5
0.6,3.5,21,32492.4
0.6,3.5,22,42548.3
0.6,3.5,23,37395.8
0.6,3.5,24,36906.6
0.6,3.5,25,41004.5
0.6,3.5,26,42131.5
0.6,3.5,27,40173.2
0.6,3.5,28,35708.1
0.6,3.5,29,34963.6
0.7,0.5,0,95.1899
0.7,0.5,1,262.244
0.7,0.5,2,2160.32
0.7,0.5,3,387.335
0.7,0.5,4,5.81364
0.7,0.5,5,25.5557
0.7,0.5,6,193.649
0.7,0.5,7,68.0515
0.7,0.5,8,303.124
0.7,0.5,9,356.992
0.7,0.5,10,96.8361
0.7,0.5,11,145.66
0.7,0.5,12,118.334
0.7,0.5,13,102.997
0.7,0.5,14,127.895
0.7,0.5,15,351.787
0.7,0.5,16,47.4102
0.7,0.5,17,548.424
0.7,0.5,18,78.8928
0.7,0.5,19,448.264
0.7,0.5,20,144.418
0.7,0.5,21,160.324
0.7,0.5,22,564.729
0.7,0.5,23,304.282
0.7,0.5,24,415.411
0.7,0.5,25,212.272
0.7,0.5,26,224.576
0.7,0.5,27,72.7797
0.7,0.5,28,93.4505
0.7,0.5,29,30.5546
0.7,1,0,7.32396e-08
0.7,1,1,2.38898e-06
0.7,1,2,1.00551e-07
0.7,1,3,6.86729e-06
0.7,1,4,0.000102329
0.7,1,5,2.58902e-05
0.7,1,6,1.64815e-05
0.7,1,7,0.00499619
0.7,1,8,2.74654e-06
0.7,1,9,6.90607e-08
0.7,1,10,4.53812e-07
0.7,1,11,2.84264e-05
0.7,1,12,9.34723e-07
0.7,1,13,1.07745e-06
0.7,1,14,7.5204e-05
0.7,1,15,1.66803e-05
0.7,1,16,1.79649e-06
0.7,1,17,1.60882e-09
0.7,1,18,8.05301e-08
0.7,1,19,0.000738506
0.7,1,20,2.53479e-08
0.7,1,21,5.30148e-06
0.7,1,22,7.39108e-06
0.7,1,23,8.76331e-08
0.7,1,24,0.00158379
0.7,1,25,1.94026e-06
0.7,1,26,0.00357579
0.7,1,27,5.62331e-06
0.7,1,28,3.79526e-07
0.7,1,29,7.31088e-05
0.7,1.5,0,2.55631e-11
0.7,1.5,1,9.23616e-15
0.7,1.5,2,1.92673e-12
0.7,1.5,3,3.25944e-14
0.7,1.5,4,6.94198e-14
0.7,1.5,5,1.28772e-13
0.7,1.5,6,1.31996e-13
0.7,1.5,7,2.92372e-12
0.7,1.5,8,1.08843e-11
0.7,1.5,9,1.02614e-11
0.7,1.5,10,1.33712e-12
0.7,1.5,11,7.46277e-14
0.7,1.5,12,2.83088e-11
0.7,1.5,13,3.81614e-12
0.7,1.5,14,7.34356e-15
0.7,1.5,15,1.96739e-13
0.7,1.5,16,5.27339e-13
0.7,1.5,17,2.43974e-15
0.7,1.5,18,7.25716e-12
0.7,1.5,19,3.69667e-15
0.7,1.5,20,2.97469e-14
0.7,1.5,21,4.19326e-14
0.7,1.5,22,4.25015e-13
0.7,1.5,23,2.29372e-10
0.7,1.5,24,7.31062e-12
0.7,1.5,25,4.08673e-13
0.7,1.5,26,1.36425e-14
0.7,1.5,27,2.18306e-11
0.7,1.5,28,5.17282e-12
0.7,1.5,29,2.96559e-12
0.7,2,0,818.646
0.7,2,1,398.299
0.7,2,2,161.336
0.7,2,3,362.986
0.7,2,4,655.24
0.7,2,5,331.89
0.7,2,6,286.881
0.7,2,7,388.963
0.7,2,8,438.869
0.7,2,9,581.652
0.7,2,10,143.707
0.7,2,11,582.664
0.7,2,12,290.767
0.7,2,13,222.978
0.7,2,14,156.706
0.7,2,15,582.59
0.7,2,16,299.086
0.7,2,17,147.723
0.7,2,18,219.154
0.7,2,19,421.173
0.7,2,20,367.047
0.7,2,21,253.84
0.7,2,22,722.009
0.7,2,23,369.855
0.7,2,24,253.439
0.7,2,25,312.413
0.7,2,26,133.959
0.7,2,27,476.481
0.7,2,28,339.553
0.7,2,29,133.734
0.7,2.5,0,15423.1
0.7,2.5,1,16779.7
0.7,2.5,2,19337.4
0.7,2.5,3,12852.8
0.7,2.5,4,16371.6
0.7,2.5,5,16359.2
0.7,2.5,6,11130.8
0.7,2.5,7,20468
0.7,2.5,8,20536.3
0.7,2.5,9,14288.2
0.7,2.5,10,21351.9
0.7,2.5,11,16955.8
0.7,2.5,12,10568
0.7,2.5,13,14905.4
0.7,2.5,14,13270.8
0.7,2.5,15,16601.1
0.7,2.5,16,15496.4
0.7,2.5,17,19400
0.7,2.5,18,17957
0.7,2.5,19,17056.1
0.7,2.5,20,12720.6
0.7,2.5,21,19848.8
0.7,2.5,22,16013.5
0.7,2.5,23,16409.2
0.7,2.5,24,21420.2
0.7,2.5,25,10633.5
0.7,2.5,26,23115.8
0.7,2.5,27,21630.7
0.7,2.5,28,23535
0.7,2.5,29,21081
0.7,3,0,37476.3
0.7,3,1,37098.2
0.7,3,2,36220.9
0.7,3,3,38911.8
0.7,3,4,39027.6
0.7,3,5,31217
0.7,3,6,33425.5
0.7,3,7,34529.8
0.7,3,8,25105.6
0.7,3,9,36296.9
0.7,3,10,35886.1
0.7,3,11,34102.7
0.7,3,12,35294.9
0.7,3,13,37135.1
0.7,3,14,33849.1
0.7,3,15,36479.6
0.7,3,16,38325.9
0.7,3,17,36806.5
0.7,3,18,31285.1
0.7,3,19,37462.2
0.7,3,20,37910.5
0.7,3,21,31896.5
0.7,3,22,34338.8
0.7,3,23,37028.7
0.7,3,24,32721.4
0.7,3,25,38699.4
0.7,3,26,34212.8
0.7,3,27,35511.6
0.7,3,28,36022.2
0.7,3,29,36796.8
0.7,3.5,0,37822.1
0.7,3.5,1,38183.5
0.7,3.5,2,38851.2
0.7,3.5,3,40682.8
0.7,3.5,4,37685.5
0.7,3.5,5,43222
0.7,3.5,6,39263.9
0.7,3.5,7,39049.7
0.7,3.5,8,40654.4
0.7,3.5,9,41577.4
0.7,3.5,10,38036.8
0.7,3.5,11,36585
0.7,3.5,12,40998.2
0.7,3.5,13,38458.4
0.7,3.5,14,36441
0.7,3.5,15,38711.4
0.7,3.5,16,37249.4
0.7,3.5,17,38965
0.7,3.5,18,36429.6
0.7,3.5,19,39325.1
0.7,3.5,20,34788.4
0.7,3.5,21,35079.6
0.7,3.5,22,38498.1
0.7,3.5,23,37889.7
0.7,3.5,24,30982.1
0.7,3.5,25,42362.4
0.7,3.5,26,37475.2
0.7,3.5,27,38400.4
0.7,3.5,28,38688.5
0.7,3.5,29,40439.8
0.8,0.5,0,2.14211
0.8,0.5,1,0.040514
0.8,0.5,2,0.406724
0.8,0.5,3,0.0186444
0.8,0.5,4,0.274151
0.8,0.5,5,0.266031
0.8,0.5,6,0.036705
0.8,0.5,7,0.00503544
0.8,0.5,8,18.0232
0.8,0.5,9,0.366518
0.8,0.5,10,1.0066
0.8,0.5,11,0.377551
0.8,0.5,12,7.06882
0.8,0.5,13,1.42379
0.8,0.5,14,0.0496321
0.8,0.5,15,9.34316
0.8,0.5,16,5.01698
0.8,0.5,17,0.111015
0.8,0.5,18,8.03792
0.8,0.5,19,2.08888
0.8,0.5,20,0.41008
0.8,0.5,21,0.0197123
0.8,0.5,22,0.000475125
0.8,0.5,23,0.21189
0.8,0.5,24,1.7184
0.8,0.5,25,0.000157967
0.8,0.5,26,0.137527
0.8,0.5,27,1.53884
0.8,0.5,28,9.45024
0.8,0.5,29,1.00788
0.8,1,0,2.12867e-08
0.8,1,1,1.56143e-10
0.8,1,2,1.93646e-11
0.8,1,3,3.2058e-08
0.8,1,4,4.77293e-09
0.8,1,5,6.52111e-07
0.8,1,6,2.26809e-09
0.8,1,7,1.35825e-08
0.8,1,8,2.27614e-09
0.8,1,9,3.91208e-07
0.8,1,10,1.94402e-11
0.8,1,11,2.65874e-05
0.8,1,12,1.83088e-09
0.8,1,13,1.05298e-05
0.8,1,14,4.73062e-08
0.8,1,15,3.28088e-09
0.8,1,16,1.87755e-05
0.8,1,17,3.9277e-11
0.8,1,18,6.633e-10
0.8,1,19,4.91013e-08
0.8,1,20,2.33267e-09
0.8,1,21,8.34006e-08
0.8,1,22,3.20028e-09
0.8,1,23,2.1832e-08
0.8,1,24,1.19888e-08
0.8,1,25,9.89058e-06
0.8,1,26,3.60587e-07
0.8,1,27,2.79519e-09
0.8,1,28,1.04136e-08
0.8,1,29,3.61503e-07
0.8,1.5,0,0.0174554
0.8,1.5,1,0.00460693
0.8,1.5,2,0.00118696
0.8,1.5,3,0.00303063
0.8,1.5,4,0.00021623
0.8,1.5,5,0.00139499
0.8,1.5,6,0.00164442
0.8,1.5,7,0.00242419
0.8,1.5,8,0.00697056
0.8,1.5,9,0.00091263
0.8,1.5,10,0.0056792
0.8,1.5,11,0.00190378
0.8,1.5,12,0.00586812
0.8,1.5,13,0.0014098
0.8,1.5,14,0.00255762
0.8,1.5,15,0.00172754
0.8,1.5,16,0.00436232
0.8,1.5,17,0.000777666
0.8,1.5,18,0.00130975
0.8,1.5,19,0.00222988
0.8,1.5,20,0.000827694
0.8,1.5,21,0.00644935
0.8,1.5,22,0.0062944
0.8,1.5,23,0.0162962
0.8,1.5,24,0.000352407
0.8,1.5,25,0.0017787
0.8,1.5,26,0.000221625
0.8,1.5,27,0.0258787
0.8,1.5,28,0.0126239
0.8,1.5,29,0.00241734
0.8,2,0,8377.47
0.8,2,1,7974.95
0.8,2,2,9621.22
0.8,2,3,6562.52
0.8,2,4,13918.1
0.8,2,5,12185.8
0.8,2,6,9133.66
0.8,2,7,7059.13
0.8,2,8,8160.43
0.8,2,9,5935.34
0.8,2,10,10455.4
0.8,2,11,7524.97
0.8,2,12,9838.17
0.8,2,13,9872.92
0.8,2,14,5884.01
0.8,2,15,8579.76
0.8,2,16,11878.6
0.8,2,17,8100.64
0.8,2,18,7704.44
0.8,2,19,12998.7
0.8,2,20,6673.54
0.8,2,21,7506.23
0.8,2,22,11084.6
0.8,2,23,7225.06
0.8,2,24,9215.2
0.8,2,25,8344.71
0.8,2,26,8797.9
0.8,2,27,5877.57
0.8,2,28,6695.83
0.8,2,29,10198
0.8,2.5,0,28766.1
0.8,2.5,1,30219.4
0.8,2.5,2,31634.6
0.8,2.5,3,30001.4
0.8,2.5,4,30153.9
0.8,2.5,5,27465.9
0.8,2.5,6,32757.1
0.8,2.5,7,27205.3
0.8,2.5,8,34301.1
0.8,2.5,9,30270.6
0.8,2.5,10,30788.7
0.8,2.5,11,29406.7
0.8,2.5,12,30509
0.8,2.5,13,31738.3
0.8,2.5,14,33168.5
0.8,2.5,15,30103.1
0.8,2.5,16,32402.7
0.8,2.5,17,25348.9
0.8,2.5,18,32909.4
0.8,2.5,19,30160.7
0.8,2.5,20,25586.5
0.8,2.5,21,25894.6
0.8,2.5,22,28797.9
0.8,2.5,23,23002
0.8,2.5,24,25033
0.8,2.5,25,25053.8
0.8,2.5,26,24903.3
0.8,2.5,27,27816.2
0.8,2.5,28,32038.4
0.8,2.5,29,33432.1
0.8,3,0,40642.9
0.8,3,1,41884.8
0.8,3,2,33171.6
0.8,3,3,36635.8
0.8,3,4,33798.2
0.8,3,5,41940.9
0.8,3,6,43750.8
0.8,3,7,28767
0.8,3,8,32335.9
0.8,3,9,36281
0.8,3,10,39452.1
0.8,3,11,35532
0.8,3,12,43361.5
0.8,3,13,43227
0.8,3,14,37040.1
0.8,3,15,36272.4
0.8,3,16,40558.7
0.8,3,17,37942
0.8,3,18,35951.2
0.8,3,19,36825.9
0.8,3,20,35494.4
0.8,3,21,37624.6
0.8,3,22,36072.5
0.8,3,23,43208.9
0.8,3,24,37568.5
0.8,3,25,40634.2
0.8,3,26,35147.5
0.8,3,27,32751
0.8,3,28,40789.5
0.8,3,29,39780.4
0.8,3.5,0,33102.7
0.8,3.5,1,41444
0.8,3.5,2,40276.5
0.8,3.5,3,33446.5
0.8,3.5,4,42508
0.8,3.5,5,35912.1
0.8,3.5,6,36007.3
0.8,3.5,7,40077.9
0.8,3.5,8,40566.3
0.8,3.5,9,39439.9
0.8,3.5,10,39411.6
0.8,3.5,11,42948.7
0.8,3.5,12,44210.4
0.8,3.5,13,38794.1
0.8,3.5,14,37673.8
0.8,3.5,15,38689.8
0.8,3.5,16,31922.7
0.8,3.5,17,37142.9
0.8,3.5,18,32905.8
0.8,3.5,19,34676.3
0.8,3.5,20,46672.6
0.8,3.5,21,40426.6
0.8,3.5,22,43334.4
0.8,3.5,23,42791.5
0.8,3.5,24,45737.1
0.8,3.5,25,43054
0.8,3.5,26,29824.6
0.8,3.5,27,36042.9
0.8,3.5,28,38269.9
0.8,3.5,29,34505.2
0.9,0.5,0,2.32864e-06
0.9,0.5,1,0.00197456
0.9,0.5,2,0.0173986
0.9,0.5,3,2.05848e-05
0.9,0.5,4,6.37546e-05
0.9,0.5,5,3.14193e-05
0.9,0.5,6,1.63393e-06
0.9,0.5,7,5.78978e-06
0.9,0.5,8,1.28794e-05
0.9,0.5,9,3.30387e-06
0.9,0.5,10,0.000172526
0.9,0.5,11,5.19189e-05
0.9,0.5,12,0.000901352
0.9,0.5,13,0.00461424
0.9,0.5,14,1.24466e-05
0.9,0.5,15,0.000180695
0.9,0.5,16,1.47267e-05
0.9,0.5,17,0.00814008
0.9,0.5,18,1.16064e-05
0.9,0.5,19,4.50858e-05
0.9,0.5,20,3.55595e-06
0.9,0.5,21,0.00391604
0.9,0.5,22,5.56566e-05
0.9,0.5,23,8.9597e-06
0.9,0.5,24,8.89037e-05
0.9,0.5,25,0.00225191
0.9,0.5,26,0.000433163
0.9,0.5,27,2.80618e-05
0.9,0.5,28,0.00141404
0.9,0.5,29,4.75214e-06
0.9,1,0,0.100427
0.9,1,1,0.141455
0.9,1,2,0.0384739
0.9,1,3,1.36846
0.9,1,4,0.541849
0.9,1,5,0.0896754
0.9,1,6,0.405712
0.9,1,7,0.0903631
0.9,1,8,0.0573447
0.9,1,9,0.208839
0.9,1,10,0.101301
0.9,1,11,1.14827
0.9,1,12,0.256943
0.9,1,13,0.738551
0.9,1,14,0.514697
0.9,1,15,0.0323424
0.9,1,16,0.0843948
0.9,1,17,0.872785
0.9,1,18,0.731376
0.9,1,19,0.149593
0.9,1,20,0.600613
0.9,1,21,0.71586
0.9,1,22,6.99418
0.9,1,23,0.073947
0.9,1,24,0.288928
0.9,1,25,0.612868
0.9,1,26,0.0756086
0.9,1,27,1.27725
0.9,1,28,1.29874
0.9,1,29,1.23769
0.9,1.5,0,5124.87
0.9,1.5,1,10704.9
0.9,1.5,2,8423.43
0.9,1.5,3,9091.19
0.9,1.5,4,11870.8
0.9,1.5,5,6206.11
0.9,1.5,6,11974.8
0.9,1.5,7,10738.7
0.9,1.5,8,8428.75
0.9,1.5,9,11654.8
0.9,1.5,10,15532
0.9,1.5,11,11477.1
0.9,1.5,12,7347.39
0.9,1.5,13,14228.9
0.9,1.5,14,12622.5
0.9,1.5,15,9722.16
0.9,1.5,16,14109.3
0.9,1.5,17,12625.5
0.9,1.5,18,8352.98
0.9,1.5,19,12520.6
0.9,1.5,20,8711.37
0.9,1.5,21,8535.87
0.9,1.5,22,10026.7
0.9,1.5,23,7666.63
0.9,1.5,24,12178.5
0.9,1.5,25,9882.05
0.9,1.5,26,9758.42
0.9,1.5,27,9775.34
0.9,1.5,28,10913.1
0.9,1.5,29,12554.3
0.9,2,0,28422.4
0.9,2,1,34042.9
0.9,2,2,30728.2
0.9,2,3,20297.2
0.9,2,4,22274.5
0.9,2,5,29514.8
0.9,2,6,26278.5
0.9,2,7,29989.9
0.9,2,8,29234.3
0.9,2,9,28407
0.9,2,10,29189.5
0.9,2,11,29283.9
0.9,2,12,27077.2
0.9,2,13,24288.2
0.9,2,14,32621.1
0.9,2,15,22408.8
0.9,2,16,33406.2
0.9,2,17,22015.3
0.9,2,18,19673
0.9,2,19,33311.7
0.9,2,20,31327.8
0.9,2,21,22342.4
0.9,2,22,32891.8
0.9,2,23,33947.3
0.9,2,24,30580.8
0.9,2,25,28532.8
0.9,2,26,23212.4
0.9,2,27,27880.5
0.9,2,28,30575.4
0.9,2,29,23823.7
0.9,2.5,0,40460.6
0.9,2.5,1,37135.1
0.9,2.5,2,35654.8
0.9,2.5,3,34347.1
0.9,2.5,4,37326.5
0.9,2.5,5,37486.2
0.9,2.5,6,37225.2
0.9,2.5,7,37630.1
0.9,2.5,8,37582.9
0.9,2.5,9,34886.9
0.9,2.5,10,40943.9
0.9,2.5,11,37015.5
0.9,2.5,12,40637.3
0.9,2.5,13,35949.7
0.9,2.5,14,38296.9
0.9,2.5,15,39949
0.9,2.5,16,42210.8
0.9,2.5,17,30205.1
0.9,2.5,18,37266.7
0.9,2.5,19,33464.5
0.9,2.5,20,38703.5
0.9,2.5,21,38796.1
0.9,2.5,22,38543.5
0.9,2.5,23,31432.3
0.9,2.5,24,28936.8
0.9,2.5,25,39062.4
0.9,2.5,26,38690.2
0.9,2.5,27,38110
0.9,2.5,28,33328.7
0.9,2.5,29,36308
0.9,3,0,36399
0.9,3,1,43875.5
0.9,3,2,39640.5
0.9,3,3,44305.7
0.9,3,4,31045.1
0.9,3,5,37728.8
0.9,3,6,42667.2
0.9,3,7,36625
0.9,3,8,39502.6
0.9,3,9,43627
0.9,3,10,42454.6
0.9,3,11,41986.5
0.9,3,12,39659.7
0.9,3,13,38190.5
0.9,3,14,42964
0.9,3,15,36583.8
0.9,3,16,39626.7
0.9,3,17,42583.3
0.9,3,18,32460.1
0.9,3,19,34580.2
0.9,3,20,40252.4
0.9,3,21,41894.7
0.9,3,22,35961.4
0.9,3,23,41034.9
0.9,3,24,41467.5
0.9,3,25,37643.4
0.9,3,26,33160.3
0.9,3,27,42103.1
0.9,3,28,41089.6
0.9,3,29,37655
0.9,3.5,0,35316.8
0.9,3.5,1,43361.7
0.9,3.5,2,42721
0.9,3.5,3,42695
0.9,3.5,4,42533.8
0.9,3.5,5,32272.3
0.9,3.5,6,39873.7
0.9,3.5,7,38204.4
0.9,3.5,8,37258.8
0.9,3.5,9,39715.2
0.9,3.5,10,39276.4
0.9,3.5,11,39029.9
0.9,3.5,12,39509.2
0.9,3.5,13,42849.2
0.9,3.5,14,43793.8
0.9,3.5,15,42942
0.9,3.5,16,40036.2
0.9,3.5,17,39107
0.9,3.5,18,38935
0.9,3.5,19,41550.3
0.9,3.5,20,39461.2
0.9,3.5,21,42291.4
0.9,3.5,22,41836.6
0.9,3.5,23,39682.8
0.9,3.5,24,39683.9
0.9,3.5,25,34134.5
0.9,3.5,26,37775
0.9,3.5,27,36513.2
0.9,3.5,28,41218.1
0.9,3.5,29,39568.2
